24.64976747,1,4.378526783,0.99133124,0,1,8.018006486,0.983570546,16.97261979,1.010705222,16.58691233,1.014772592,7.692523462,0.997270371,18.86088126,1.010030247,19.40039984,1
24.69330443,1,4.366784435,0.989678739,0,1,7.957520867,0.980440794,17.02832584,1.007312262,16.64509526,1.013266562,7.757984026,0.994613521,18.89362249,1.008156549,19.46276786,1
-18.67255949,1,-14.30562273,0.902254517,0,1,-28.00815883,0.822695258,-30.67933002,0.907972241,-25.98672516,0.955851047,-25.62748143,0.851736752,-24.88106855,0.94200489,-22.99965306,1
1.53528251,1,-5.394643093,0.989450093,0,1,-9.3080846,0.961162493,-8.8986498,0.982559923,-9.430006396,0.999584155,-9.863624782,0.977699014,-4.339560421,0.995302864,-9.430006396,1
-20.86501366,1,-15.31428227,0.900842621,0,1,-29.8919768,0.822980637,-32.96700819,0.910670679,-28.15843206,0.957254996,-27.5978902,0.855655344,-27.06686899,0.943011575,-25.17574489,1
-17.91982328,1,-14.12073506,0.911090782,0,1,-27.214904,0.834353351,-29.85547383,0.914695011,-25.35589411,0.961180284,-25.44208708,0.869171226,-24.0979307,0.946622258,-22.38539864,1
24.8771278,1,4.336771254,0.991309998,0,1,8.037107434,0.983678297,17.27864215,1.008768519,16.71767901,1.014015568,7.521665105,0.996641529,19.08374418,1.00924883,19.53326866,1
-21.58192922,1,-15.48339541,0.89282288,0,1,-29.99780884,0.807679078,-34.02638521,0.903441055,-29.17536806,0.952993997,-28.49501682,0.844272997,-27.82140336,0.937348292,-26.17933264,1
19.28072471,1,-2.384678134,0.972512854,0,1,-1.159853944,0.934541186,12.79778016,0.982070254,17.64691776,1.005744688,-7.255964135,0.946409549,13.37011267,0.989300802,20.48568068,1
24.16705872,1,4.036373636,0.989531853,0,1,7.496400663,0.980402164,16.49659055,1.011426758,16.05800358,1.013932055,7.058707379,0.991391347,18.37661904,1.009760197,18.87382532,1
1.739644144,1,-5.461312429,0.988885374,0,1,-9.369023162,0.960346462,-8.576808801,0.982996471,-9.295412944,0.999585898,-10.04772029,0.976483247,-4.134711893,0.99538507,-9.295412944,1
2.267526984,1,-5.043823686,0.990261973,0,1,-8.485183092,0.96305515,-8.199082464,0.982953838,-8.826490522,0.999861184,-9.434600725,0.978316398,-3.604594536,0.995762515,-8.826490522,1
-22.97887786,1,-16.11817584,0.884348058,0,1,-32.27637941,0.795396902,-35.06469606,0.905348273,-30.04938278,0.951728106,-28.95898468,0.83493285,-29.22546691,0.936284873,-27.04935869,1
1.935043129,1,-5.311277772,0.989353604,0,1,-9.113393041,0.961051598,-8.405696209,0.983057147,-9.079448931,0.999745513,-9.761171909,0.977378668,-3.938523036,0.995518459,-9.079448931,1
24.18197991,1,4.099630222,0.993220757,0,1,7.29133619,0.987346681,16.62279912,1.009035976,16.26229019,1.014423593,7.417000317,0.998130107,18.39272405,1.009965974,19.07674642,1
24.61893714,1,4.288621839,0.989556298,0,1,7.83498873,0.980489954,16.99134759,1.010405703,16.57119268,1.013996537,7.610482538,0.993474577,18.8261528,1.009352883,19.38683522,1
18.8062342,1,-2.732667249,0.971682698,0,1,-1.851397172,0.9328246,12.40053564,0.981861917,17.25000927,1.005668068,-7.823713095,0.94447387,12.8927991,0.988830189,20.08898865,1
2.350690367,1,-5.102806878,0.98984826,0,1,-8.647526319,0.962124739,-8.007961192,0.9832785,-8.722856689,0.999920067,-9.481452483,0.977871163,-3.521331303,0.995779388,-8.722856689,1
24.48284429,1,4.233386623,0.989677265,0,1,7.616064243,0.980223444,16.88837852,1.010255916,16.51620604,1.014043279,7.640490034,0.993915306,18.68934893,1.009229431,19.33171869,1
2.445076515,1,-5.066344475,0.989961119,0,1,-8.434084709,0.962812427,-7.964597649,0.983221228,-8.730219602,0.999839032,-9.57304447,0.977396508,-3.426518794,0.995851443,-8.730219602,1
23.8340956,1,3.817072115,0.991080704,0,1,6.950390194,0.982563311,16.26944108,1.012559596,15.82202403,1.014595298,6.807987478,0.993195073,18.04801029,1.010517512,18.63600358,1
1.26724763,1,-5.569143756,0.988939585,0,1,-9.628698221,0.960335399,-9.146349122,0.982442398,-9.702771594,0.999403772,-10.17217096,0.976828986,-4.608644709,0.99512573,-9.702771594,1
18.99625723,1,-2.452119152,0.972626806,0,1,-1.199287769,0.935401424,12.41828033,0.982108467,17.26737001,1.005757846,-7.471971892,0.945808132,13.08726408,0.989570879,20.10609576,1
18.51516109,1,-2.710614993,0.972095403,0,1,-1.547272908,0.935292825,11.88153116,0.982025119,16.7306788,1.005726939,-8.076373176,0.943547401,12.60621354,0.989578487,19.56949186,1
1.420199843,1,-5.406875557,0.98951095,0,1,-9.378837915,0.961128774,-9.034261832,0.982422136,-9.504564212,0.999569137,-9.833798978,0.978017524,-4.455050296,0.995234122,-9.504564212,1
17.93993182,1,-2.992832209,0.971925498,0,1,-2.377332226,0.933690297,11.40039106,0.981861695,16.25011226,1.0056647,-8.24669926,0.943932579,12.02831045,0.989132491,19.08910115,1
-21.43802871,1,-15.27362548,0.891745294,0,1,-30.50836997,0.799239931,-33.67026154,0.899850466,-28.48265521,0.952398027,-27.2569615,0.848897959,-27.69511643,0.934720129,-25.48474329,1
-19.72559712,1,-14.91628441,0.894982902,0,1,-28.93255206,0.808588622,-31.89941078,0.899175941,-27.37165743,0.952260803,-27.33384326,0.845663995,-25.97340897,0.936102353,-24.37331311,1
1.815285198,1,-5.26466344,0.989824144,0,1,-8.848582481,0.962518097,-8.694307661,0.982569748,-9.303157245,0.999556534,-9.868724035,0.977324679,-4.058382707,0.995501275,-9.303157245,1
-20.1643321,1,-14.71739591,0.901842063,0,1,-28.73382437,0.818682729,-32.51740192,0.905173959,-27.45762817,0.955809729,-26.50671591,0.858242221,-26.3863601,0.939966169,-24.47042682,1
-18.27480642,1,-14.37089991,0.909754815,0,1,-27.65587375,0.83163104,-30.28593347,0.904803399,-25.8035391,0.958244455,-25.99590743,0.869383013,-24.48128807,0.9423114,-22.82393456,1
18.43788155,1,-2.898802816,0.971456573,0,1,-2.107074716,0.932883361,11.98635749,0.981823765,16.8358944,1.005653398,-8.178544717,0.943309442,12.52473311,0.988877953,19.67491523,1
2.190912602,1,-5.10077612,0.990014148,0,1,-8.749483852,0.962087136,-8.194514057,0.983095916,-8.797124981,0.999949104,-9.36537438,0.978626369,-3.681636024,0.995690348,-8.797124981,1
18.92542623,1,-2.537810239,0.972460564,0,1,-1.522318071,0.934219772,12.44320676,0.98201579,17.29254732,1.005723541,-7.444783836,0.946184978,13.01434326,0.989222265,20.13136998,1
-19.68697791,1,-14.67376124,0.902104684,0,1,-28.84553754,0.823595955,-31.78056017,0.906511573,-26.8826305,0.955578795,-26.17586229,0.853791692,-25.89861976,0.941531658,-23.89470658,1
24.43518676,1,4.155482357,0.990455217,0,1,7.7273028,0.983820543,16.80961195,1.014073993,16.31990505,1.014819011,7.225520162,0.991930692,18.65394572,1.011361377,19.13326377,1
24.88656928,1,4.321590922,0.992213199,0,1,7.863036142,0.986263441,17.40462602,1.013874224,16.84316409,1.015663369,7.634207774,0.997156824,19.10682796,1.011622912,19.65418208,1
1.531063231,1,-5.487557807,0.989023834,0,1,-9.434358787,0.960574658,-8.849670855,0.9827026,-9.478619343,0.999508551,-10.07542187,0.976778515,-4.343902264,0.995282172,-9.478619343,1
-24.37867605,1,-16.56733077,0.877480904,0,1,-33.1336589,0.784521435,-36.80815172,0.894908613,-31.59481774,0.946866896,-30.14526946,0.826513243,-30.66657311,0.930158468,-28.57937735,1
1.89077897,1,-5.135209333,0.990305228,0,1,-8.685840382,0.963087275,-8.656484461,0.982498833,-9.163217763,0.999696734,-9.560345254,0.978496729,-3.982589087,0.99555192,-9.163217763,1
18.63843595,1,-2.529355893,0.973045308,0,1,-1.559105347,0.935356327,12.06096487,0.982099148,16.91035773,1.005752095,-7.377593844,0.947084347,12.7293703,0.98955878,19.74909973,1
24.97995437,1,4.358991507,0.989866765,0,1,8.082631613,0.985191976,17.41713974,1.009619501,16.84247806,1.013071559,7.606069292,0.989896975,19.18987558,1.00982292,19.66069347,1
-18.66629453,1,-14.5332622,0.899293648,0,1,-28.03817838,0.815436422,-30.70561837,0.904518366,-26.34505516,0.95483467,-26.61056861,0.850202117,-24.89195786,0.939419458,-23.35480058,1
24.35810755,1,4.138338964,0.990689135,0,1,7.727578372,0.982971506,16.68370102,1.011785358,16.20992685,1.014413214,7.152269261,0.993544926,18.57104261,1.010347034,19.0244119,1
18.03651407,1,-2.772771705,0.972695536,0,1,-1.746589385,0.936399899,11.29484385,0.982075919,16.14417315,1.005742792,-8.101078483,0.944365584,12.12951373,0.989903539,18.98294143,1
-20.60697341,1,-15.16586839,0.891978364,0,1,-30.54599698,0.795656945,-32.42590783,0.90667475,-27.53440593,0.955500761,-26.8313582,0.853046036,-26.84856281,0.937031885,-24.54623778,1
17.14334906,1,-3.147170396,0.972531783,0,1,-2.681921623,0.935407671,10.41249335,0.981919947,15.26241377,1.005682274,-8.50891363,0.944036721,11.23487735,0.989657902,18.10135302,1
-23.20873497,1,-16.26974378,0.879610465,0,1,-32.54974367,0.783360616,-35.46254711,0.890226307,-30.46916,0.946716696,-29.52868433,0.83225874,-29.50917743,0.928313794,-27.45324075,1
23.77668225,1,3.852539631,0.990462907,0,1,6.997804525,0.981743896,16.15357693,1.010614515,15.78171099,1.013833721,6.902540372,0.992120242,17.98560288,1.009649037,18.59780607,1
17.89488485,1,-2.893381693,0.972403653,0,1,-2.047455914,0.935478186,11.21290061,0.98199529,16.06238976,1.00571311,-8.230816657,0.944016612,11.9863642,0.989649732,18.90124189,1
-20.72150787,1,-15.08408235,0.901149029,0,1,-29.43228911,0.819051356,-32.98744754,0.907798598,-28.01677727,0.956786346,-27.21084255,0.858772651,-26.93596307,0.941107089,-25.0326278,1
23.96787708,1,3.966376759,0.992002594,0,1,7.359443546,0.982235054,16.28115938,1.011831391,15.85170329,1.015212059,6.879603102,0.99788401,18.18022082,1.01024416,18.66397191,1
18.27227288,1,-2.729781671,0.97269277,0,1,-1.911881965,0.934935389,11.68641551,0.98201832,16.53594409,1.005721942,-7.755092996,0.945857207,12.36262939,0.989462366,19.37477127,1
25.24598044,1,4.528903503,0.988596863,0,1,8.254558884,0.982518534,17.71946701,1.011175657,17.20545974,1.01353051,8.071084259,0.989696626,19.45661259,1.009946504,20.02239796,1
2.207700549,1,-5.14318591,0.989909695,0,1,-8.5792386,0.962751942,-8.244420437,0.982967908,-8.956568924,0.999720671,-9.704050245,0.977298749,-3.664653784,0.995723176,-8.956568924,1
1.795649602,1,-5.307200728,0.989635668,0,1,-8.949428125,0.962114906,-8.678588223,0.982649015,-9.312274228,0.999553574,-9.919763949,0.977108956,-4.0781411,0.995480536,-9.312274228,1
2.470014284,1,-5.07260579,0.989924555,0,1,-8.375386152,0.962988683,-7.954186807,0.983204269,-8.756081588,0.999780243,-9.658957348,0.977013408,-3.40148198,0.995868183,-8.756081588,1
23.5930614,1,3.781443769,0.991716315,0,1,6.916991809,0.984154349,15.93865013,1.010955545,15.5708037,1.014179955,6.700301573,0.993476911,17.80524776,1.010216784,18.38593661,1
19.19361666,1,-2.608437801,0.971405804,0,1,-1.359419643,0.933399236,12.74900207,0.981920825,17.59806956,1.00569195,-7.884107247,0.943269457,13.28119263,0.988998685,20.43698147,1
-22.93983303,1,-15.97743048,0.883131208,0,1,-31.38321752,0.791806622,-35.43039504,0.899657239,-30.43652218,0.949479638,-29.40704489,0.831828873,-29.20743281,0.933158652,-27.4293872,1
2.064568037,1,-5.124132137,0.990091664,0,1,-8.750932949,0.962388048,-8.376521891,0.982879562,-8.944383498,0.999852628,-9.450359489,0.978549893,-3.808324696,0.995632213,-8.944383498,1
1.804612363,1,-5.223353351,0.989985437,0,1,-8.880184296,0.962431411,-8.696008147,0.98256968,-9.233577104,0.999661303,-9.681390182,0.978095209,-4.069116721,0.995490943,-9.233577104,1
1.677163784,1,-5.360626856,0.98956326,0,1,-8.971784121,0.962278803,-8.840212924,0.982470093,-9.480546632,0.999414467,-10.09466948,0.976623597,-4.196997054,0.99541803,-9.480546632,1
24.46897112,1,4.136099017,0.990859274,0,1,7.640070533,0.98099641,16.87323232,1.012380629,16.35574123,1.015086857,7.225831862,0.996392863,18.68102738,1.010194155,19.168357,1
18.81656333,1,-2.678392286,0.971841052,0,1,-1.621887661,0.933836176,12.32788129,0.981945381,17.17714427,1.0056988,-7.868421305,0.94415178,12.90495464,0.989134605,20.01603683,1
-23.77593923,1,-16.47272402,0.880911616,0,1,-32.79755089,0.788663681,-36.01048228,0.902447181,-31.0140925,0.950569994,-29.96863797,0.833237903,-30.03848576,0.933908615,-28.01041004,1
25.24359882,1,4.419873013,0.989637189,0,1,8.176654799,0.981781653,17.73967,1.010011762,17.08722989,1.013765806,7.72107975,0.993283179,19.4508,1.00935037,19.90351377,1
25.30766019,1,4.432744969,0.987417251,0,1,8.338600389,0.978301046,17.74324954,1.009378475,17.06822704,1.012793763,7.654319369,0.988946826,19.51016858,1.008536134,19.88721607,1
-20.6183133,1,-15.1595342,0.901120698,0,1,-29.75966829,0.822547295,-32.73561007,0.905111631,-27.82801862,0.95552663,-27.13436154,0.855909102,-26.83481626,0.940798298,-24.83993144,1
-20.90227669,1,-15.08589566,0.894183174,0,1,-29.73550452,0.80430025,-33.20743463,0.901273823,-28.16965446,0.953139332,-27.21443273,0.849773836,-27.15032831,0.936066572,-25.17407629,1
24.98013276,1,4.403495699,0.988328887,0,1,7.955485966,0.9798079,17.4606855,1.012156568,16.99184777,1.014032695,7.936496899,0.990758336,19.19024408,1.009855965,19.80738982,1
-20.94385482,1,-15.41172309,0.888109257,0,1,-30.72862085,0.795013367,-32.91709766,0.898142237,-28.17153048,0.950991919,-27.7050139,0.841446528,-27.20887456,0.93354141,-25.16918187,1
18.69583612,1,-2.655650574,0.972391137,0,1,-1.907302917,0.933347198,12.27141129,0.981928715,17.12105439,1.005690532,-7.474409839,0.946541756,12.78323775,0.988969626,19.9599703,1
24.54993534,1,4.20176036,0.990901094,0,1,7.751866153,0.98193099,16.95185108,1.013615974,16.45082959,1.015406562,7.345929048,0.996042683,18.76570195,1.010839945,19.26255909,1
2.406438627,1,-5.064722922,0.990005477,0,1,-8.467135895,0.962772455,-8.006030062,0.983187378,-8.740856189,0.999858135,-9.531752964,0.977634097,-3.465282137,0.99583024,-8.740856189,1
2.175618635,1,-5.152163544,0.989812696,0,1,-8.802374614,0.961874949,-8.193508756,0.983136248,-8.847182019,0.999888493,-9.500154082,0.978089845,-3.69700861,0.995677065,-8.847182019,1
18.01954101,1,-2.67448839,0.973516743,0,1,-1.977142014,0.935952923,11.36319029,0.982103622,16.21288661,1.005750538,-7.479576388,0.947792405,12.1116131,0.989748671,19.05163301,1
-21.32705636,1,-15.3796212,0.89996407,0,1,-30.56346733,0.818010032,-33.49436229,0.897639334,-28.31240582,0.953632897,-27.21756929,0.859457725,-27.56801956,0.937125531,-25.31837947,1
-20.03078513,1,-14.65785516,0.903647578,0,1,-28.57192102,0.818813104,-32.41290279,0.903618827,-27.32730956,0.956364334,-26.39689493,0.864095389,-26.25678368,0.939369079,-24.34184209,1
24.35972812,1,4.033280528,0.990986838,0,1,7.343481284,0.98262048,16.85470259,1.013174949,16.32718618,1.014975243,7.173741381,0.994420903,18.57487775,1.010732503,19.1401115,1
18.98647643,1,-2.570140654,0.972171864,0,1,-1.551374956,0.933733354,12.5379316,0.981970447,17.38726696,1.005707653,-7.534038262,0.945605496,13.07454758,0.989081228,20.22613451,1
18.22966574,1,-2.785549993,0.972277095,0,1,-1.748067488,0.935524247,11.56261856,0.98202265,16.41190279,1.005724676,-8.144888503,0.943771887,12.32116485,0.98965303,19.25072225,1
24.64996578,1,4.370429407,0.990815454,0,1,7.99367054,0.983770624,16.98796191,1.011414864,16.60401026,1.014607107,7.707234559,0.995118613,18.86282545,1.010333918,19.41795703,1
2.105201129,1,-5.161743276,0.989948878,0,1,-8.63138048,0.962777136,-8.369887471,0.982843175,-9.040989846,0.999689109,-9.71740796,0.977437423,-3.76747878,0.995668168,-9.040989846,1
1.163132699,1,-5.558068426,0.989246232,0,1,-9.371769131,0.961714854,-9.409064962,0.98199244,-9.956689109,0.999152237,-10.40330159,0.97622194,-4.712857365,0.995109238,-9.956689109,1
2.21153802,1,-5.168800163,0.989714624,0,1,-8.776299801,0.961889507,-8.152924244,0.983178311,-8.855263835,0.999846503,-9.589762532,0.977663415,-3.660965938,0.995697895,-8.855263835,1
17.82558554,1,-2.973198121,0.97230276,0,1,-2.451133326,0.933967188,11.2712495,0.9818904,16.12108672,1.00567395,-8.093735915,0.944986698,11.91441972,0.989208447,18.96004948,1
25.23894204,1,4.519450742,0.991197,0,1,8.316410822,0.98547455,17.70750901,1.013285132,17.13062222,1.015233941,7.893320105,0.995780574,19.45726714,1.011285741,19.94283018,1
-21.67068478,1,-15.75366186,0.890581324,0,1,-31.14765401,0.802241146,-33.65576874,0.907254225,-28.92882038,0.954525032,-28.459596,0.845725238,-27.90408184,0.938258522,-25.9375949,1
19.16286351,1,-2.565385592,0.971665629,0,1,-1.271595682,0.934009166,12.67374047,0.981975671,17.5227603,1.00571157,-7.817755786,0.943656779,13.25151097,0.989177313,20.36161678,1
1.964421601,1,-5.260209947,0.989627762,0,1,-8.892270524,0.961965408,-8.459495631,0.982881237,-9.13072813,0.999666851,-9.806036711,0.977247931,-3.908846527,0.995568799,-9.13072813,1
24.8096818,1,4.376407558,0.990441355,0,1,7.911670917,0.985139489,17.25625329,1.011376138,16.82313793,1.014100725,7.835493242,0.992417897,19.02346556,1.010494725,19.63849095,1
-23.95710927,1,-16.57969693,0.879635288,0,1,-33.03341378,0.788196437,-36.1878409,0.900926617,-31.21122955,0.949609026,-30.18831702,0.830319897,-30.22408955,0.933250528,-28.20450468,1
23.8659608,1,3.848185515,0.991089674,0,1,7.010039137,0.982219367,16.29067943,1.013061091,15.85270496,1.014864234,6.855229994,0.993831654,18.08069428,1.010660044,18.66593821,1
-19.36161631,1,-14.739406,0.900832685,0,1,-28.42941505,0.825819949,-31.52846301,0.903004966,-26.9823535,0.953540671,-26.88749369,0.846446146,-25.58002909,0.940510493,-23.9880373,1
24.95233118,1,4.347750103,0.989624028,0,1,7.892870608,0.980409433,17.44625599,1.011385668,16.91530616,1.014413035,7.760193045,0.994333028,19.16126208,1.009650823,19.72979172,1
25.09597143,1,4.397362156,0.988762115,0,1,8.034163853,0.981985414,17.61076385,1.013825216,17.04867687,1.014341633,7.82322907,0.989805791,19.31187907,1.010864509,19.86336071,1
17.74311531,1,-2.799639756,0.973410182,0,1,-2.263281894,0.935625643,11.08856851,0.982050003,15.9384331,1.005729996,-7.644273518,0.947492443,11.83470694,0.989668472,18.77723752,1
24.52294106,1,4.045798546,0.99119435,0,1,7.316833799,0.984888365,17.09081619,1.009734924,16.50326677,1.013628655,7.250355344,0.992858035,18.7323619,1.009735956,19.31993202,1
1.660738822,1,-5.279976249,0.989835927,0,1,-9.106433141,0.961781112,-8.805319947,0.982549966,-9.291202535,0.99968459,-9.651458325,0.978398529,-4.213592234,0.995389288,-9.291202535,1
17.65693564,1,-3.085668356,0.971933008,0,1,-2.53767561,0.933973484,11.06883593,0.981853426,15.91862692,1.005660724,-8.426941869,0.943508529,11.74590867,0.989231602,18.75762705,1
2.263525585,1,-5.040988542,0.99029482,0,1,-8.446958057,0.963226963,-8.221593328,0.982906483,-8.852160361,0.999830753,-9.464724612,0.978219937,-3.608584231,0.995764493,-8.852160361,1
18.37065097,1,-2.891706859,0.971649047,0,1,-2.143053563,0.933065786,11.90755804,0.981841636,16.7571446,1.005659312,-8.113506901,0.94379841,12.45781519,0.988930058,19.59614872,1
2.183384028,1,-5.123419366,0.989936011,0,1,-8.755886898,0.962069708,-8.202562067,0.983096403,-8.83133342,0.99990789,-9.442685618,0.978329004,-3.689182521,0.99568732,-8.83133342,1
-19.20928191,1,-14.5947441,0.90552548,0,1,-28.63815774,0.827811167,-31.09309617,0.91524713,-26.36716557,0.959663293,-25.96753557,0.860944722,-25.39306037,0.945757496,-23.39197026,1
1.686341506,1,-5.375994179,0.989445483,0,1,-9.074832794,0.961810715,-8.781879227,0.982596905,-9.423683333,0.999480983,-10.04228279,0.976773257,-4.187858585,0.995411402,-9.423683333,1
24.47022293,1,4.204627763,0.992811669,0,1,7.857861277,0.985886885,16.81057665,1.013614994,16.30407547,1.015860902,7.194717568,0.998610666,18.69011095,1.011558258,19.11454643,1
19.15264771,1,-2.592888053,0.971684916,0,1,-1.487485231,0.933164881,12.74214988,0.981915693,17.59139048,1.005689129,-7.686569212,0.944459966,13.23973079,0.988916537,20.43031036,1
1.053540684,1,-5.681300193,0.988711193,0,1,-9.734723832,0.960342523,-9.408998354,0.982193693,-9.98376904,0.999180728,-10.47662989,0.975964273,-4.823050898,0.995007738,-9.98376904,1
-22.86036292,1,-15.99351969,0.889112857,0,1,-31.28943488,0.796641862,-35.33794825,0.900913861,-30.29725545,0.95278648,-29.32726261,0.848427137,-29.11910792,0.934473606,-27.30056689,1
-22.23204124,1,-15.9184061,0.884459352,0,1,-31.81154969,0.789290091,-34.31058274,0.896718823,-29.43174283,0.950119998,-28.71549483,0.839696126,-28.50784462,0.931943722,-26.42663645,1
-19.35516123,1,-14.54558708,0.899149454,0,1,-28.26746078,0.817908718,-31.64707664,0.898332137,-26.87311249,0.952087866,-26.40515275,0.847397541,-25.59514034,0.937272739,-23.87422304,1
18.73666049,1,-2.889127887,0.970959472,0,1,-2.076009225,0.931717512,12.38673138,0.981731915,17.23627945,1.005621421,-8.171440155,0.942774655,12.82136186,0.988519778,20.07539063,1
1.616403528,1,-5.389449969,0.989443783,0,1,-9.158641452,0.961616822,-8.846450304,0.98255903,-9.449703541,0.999499524,-10.00310712,0.977039963,-4.258063839,0.995366272,-9.449703541,1
24.62699585,1,4.235828763,0.99296666,0,1,7.750111239,0.987369527,17.09450532,1.015171714,16.57014717,1.016217031,7.424437377,0.997976969,18.85142936,1.012351675,19.37963242,1
1.996456737,1,-5.241272893,0.989534531,0,1,-9.114974479,0.960912744,-8.316452211,0.983142818,-8.924399955,0.99990758,-9.499509597,0.978301081,-3.876982408,0.995539913,-8.924399955,1
18.17621485,1,-2.688189485,0.973029078,0,1,-1.781609903,0.935979114,11.50399238,0.982090773,16.35344403,1.005747744,-7.741358438,0.946073321,12.26838314,0.989764732,19.19219832,1
-22.48106508,1,-15.70887584,0.882785288,0,1,-30.62690617,0.792425898,-35.21891587,0.888655337,-30.19356661,0.945220136,-29.15501314,0.826730774,-28.7779093,0.928842125,-27.17286786,1
19.26138833,1,-2.591416995,0.971329192,0,1,-1.283288599,0.933438804,12.81361725,0.981924603,17.66262235,1.005693758,-7.901694527,0.943016853,13.34903634,0.989010693,20.50152916,1
24.4275767,1,4.179196511,0.992339451,0,1,7.557721411,0.987146043,16.87153398,1.011465149,16.43472167,1.014691925,7.446384041,0.995598151,18.64356477,1.010878519,19.24843303,1
2.54360166,1,-5.041730917,0.989954859,0,1,-8.366039091,0.962863269,-7.851879831,0.983318194,-8.651795541,0.999864564,-9.554080179,0.977292785,-3.327681762,0.995904158,-8.651795541,1
-21.23476186,1,-15.45141525,0.893559622,0,1,-30.23785444,0.802191497,-33.42412682,0.905764558,-28.639435,0.955335052,-28.14032261,0.853067982,-27.47308835,0.937520052,-25.65074806,1
24.38316087,1,4.030524438,0.989654788,0,1,7.306330228,0.979392415,16.86966893,1.009452557,16.35632768,1.013610639,7.234341385,0.993101821,18.58675065,1.008723648,19.17304304,1
25.34777384,1,4.457557845,0.988230918,0,1,8.325371387,0.980030424,17.81552791,1.00972043,17.14384494,1.013136887,7.737946254,0.990283911,19.55266973,1.008950219,19.96187849,1
24.40747549,1,4.217946946,0.992159707,0,1,7.712437792,0.985548805,16.77716692,1.012806932,16.36525803,1.015337717,7.419656259,0.996887671,18.62512598,1.011168157,19.17717834,1
1.322536325,1,-5.492394952,0.989364411,0,1,-9.251116118,0.961881774,-9.231164739,0.982144421,-9.800445422,0.999246959,-10.28737578,0.976431843,-4.552880393,0.995206004,-9.800445422,1
23.97295227,1,4.039320211,0.992781784,0,1,7.181248418,0.986992174,16.39858252,1.014408307,16.0933589,1.015779795,7.329915897,0.996456279,18.19544222,1.012012273,18.90405445,1
2.222725125,1,-5.164720325,0.98978982,0,1,-8.612169549,0.962562396,-8.208299063,0.983032414,-8.950632744,0.999711614,-9.749181041,0.977065085,-3.64961376,0.995725786,-8.950632744,1
25.20291772,1,4.429671856,0.989720434,0,1,8.217793744,0.984917661,17.67721848,1.009798253,17.04967706,1.013164624,7.720790641,0.990217247,19.41284166,1.009823394,19.86763339,1
-19.67939526,1,-14.8156011,0.89834377,0,1,-29.2658473,0.809155888,-31.61890684,0.9065565,-26.8831112,0.956371498,-26.5034477,0.857258906,-25.90649306,0.939203907,-23.89766612,1
-21.16826501,1,-15.6076838,0.896290008,0,1,-30.77408769,0.813874414,-33.1838261,0.898269358,-28.42040506,0.952965333,-28.01531068,0.852347024,-27.41156325,0.936776427,-25.42427944,1
1.013799024,1,-5.713771363,0.988598581,0,1,-9.795333871,0.960155982,-9.44003451,0.982190026,-10.02467175,0.999151167,-10.53318918,0.975780073,-4.862964989,0.994978646,-10.02467175,1
24.24419836,1,4.111885495,0.992746818,0,1,7.371950977,0.985525902,16.69876433,1.01463377,16.30242347,1.016169716,7.382557254,0.998408931,18.46564277,1.011829787,19.11203963,1
-19.38774209,1,-14.72056359,0.904010535,0,1,-28.42351134,0.821104195,-31.59918923,0.900677363,-26.92915699,0.955704845,-26.76487664,0.863101495,-25.6176615,0.938780207,-23.94162752,1
24.85757321,1,4.308599289,0.992759957,0,1,7.950351011,0.987816206,17.32850224,1.012994839,16.73794809,1.015398338,7.480613062,0.997229694,19.07756579,1.011576495,19.54970038,1
18.94865216,1,-2.578120327,0.972034083,0,1,-1.353918638,0.934600209,12.40931346,0.982018559,17.2584055,1.005725911,-7.779662925,0.944295384,13.03835469,0.989353268,20.09722147,1
-18.60116638,1,-14.53608721,0.902677945,0,1,-28.1626528,0.819597135,-30.54706019,0.905534604,-26.13820098,0.956545881,-26.37143043,0.858288351,-24.81906391,0.940588122,-23.15330065,1
1.589763036,1,-5.480017656,0.989012434,0,1,-9.366740012,0.960728854,-8.794247526,0.982739178,-9.460111617,0.999488439,-10.11927503,0.976510691,-4.28497155,0.995321155,-9.460111617,1
-18.97957971,1,-14.65606133,0.907390262,0,1,-28.56106996,0.828754851,-30.80957418,0.914373659,-26.25650796,0.960645361,-26.23035599,0.866995972,-25.16423973,0.945623212,-23.28435692,1
2.473347056,1,-5.0743988,0.989865465,0,1,-8.49586174,0.962475893,-7.896789786,0.983334397,-8.673703608,0.999888768,-9.537286013,0.977453345,-3.398222412,0.99585581,-8.673703608,1
25.1312519,1,4.423030745,0.99178104,0,1,8.168450084,0.985524864,17.59689746,1.009444692,16.97939697,1.014275692,7.684111536,0.997054264,19.34101575,1.009795568,19.79426394,1
2.560469076,1,-4.966633437,0.990250303,0,1,-8.313825164,0.963085517,-7.850314465,0.983280395,-8.566630369,0.999979902,-9.330340268,0.978197872,-3.310718104,0.995920426,-8.566630369,1
-19.88088034,1,-14.75987267,0.895527627,0,1,-29.32069353,0.807372961,-31.86723981,0.907854543,-27.00974969,0.95509728,-26.31958689,0.848620974,-26.10692166,0.93936265,-24.02031803,1
24.05759949,1,3.953596792,0.990624675,0,1,7.098899337,0.982914464,16.53145675,1.013541884,16.11849689,1.014745295,7.160887717,0.992294868,18.27393759,1.01093949,18.93206015,1
-19.13374943,1,-14.69618229,0.895175432,0,1,-28.31926092,0.808527904,-31.27832464,0.902575853,-26.90501469,0.953143593,-27.11296053,0.844091345,-25.37276952,0.937416239,-23.90944993,1
17.50452475,1,-2.863958641,0.973517728,0,1,-2.407334192,0.935876794,10.81259919,0.98204576,15.66255968,1.005727374,-7.733474819,0.947486834,11.59660201,0.989749535,18.50137151,1
2.481747902,1,-4.968079031,0.990301604,0,1,-8.415422869,0.962852199,-7.919814065,0.983243644,-8.571769418,1.000036074,-9.227573844,0.978732364,-3.38973363,0.995870673,-8.571769418,1
19.6676877,1,-2.506862345,0.970897769,0,1,-0.998193387,0.932981062,13.26648566,0.981897719,18.11530221,1.005686046,-7.886201215,0.942218529,13.75447055,0.988866504,20.9542308,1
25.10099054,1,4.465047567,0.987344749,0,1,8.238014105,0.977870332,17.49582972,1.010507095,16.99357668,1.013309642,7.881268335,0.989579287,19.30574812,1.008926222,19.8111294,1
18.86334213,1,-2.512075038,0.972737226,0,1,-1.536463607,0.934521676,12.36347959,0.982046677,17.21287066,1.005734049,-7.333535171,0.94688928,12.95276721,0.989306992,20.05166363,1
18.99420732,1,-2.455228667,0.972645428,0,1,-1.24228573,0.935243485,12.43203614,0.982099823,17.28116809,1.005754559,-7.436934649,0.946013978,13.08492567,0.989522738,20.11990313,1
1.488378591,1,-5.374204844,0.989755938,0,1,-8.952918245,0.962805261,-9.121850535,0.98210399,-9.685491089,0.999285495,-10.16487111,0.97673049,-4.386373413,0.995318214,-9.685491089,1
18.29123321,1,-2.529600886,0.973630295,0,1,-1.53027671,0.936952305,11.56913702,0.982191734,16.41853451,1.005783952,-7.415304275,0.947518239,12.38496476,0.990025772,19.25718653,1
1.280762042,1,-5.584449332,0.988884879,0,1,-9.586376474,0.960482797,-9.145185871,0.982430993,-9.740474241,0.999342706,-10.27405971,0.976406461,-4.595041394,0.995140734,-9.740474241,1
-20.53855778,1,-14.8397104,0.897065015,0,1,-29.25265517,0.806867315,-32.97076762,0.894126448,-27.78054322,0.951799395,-26.66203208,0.855177361,-26.80274194,0.933665438,-24.78074404,1
1.760407249,1,-5.300699473,0.989764026,0,1,-8.807938812,0.962797948,-8.791522382,0.982434716,-9.431678316,0.999421447,-10.04612111,0.976723493,-4.113414139,0.995475354,-9.431678316,1
-20.98054563,1,-15.634359,0.893346342,0,1,-30.90840389,0.811315789,-32.84375327,0.90065417,-28.25531863,0.952489632,-28.08673539,0.844756231,-27.21992701,0.937362173,-25.25769529,1
-19.66952529,1,-14.89343365,0.906323368,0,1,-28.89755039,0.82843951,-31.62495057,0.91607803,-27.00193298,0.960818119,-26.82239809,0.865447549,-25.85087042,0.946128351,-24.03031682,1
18.43776841,1,-2.771723043,0.971976456,0,1,-1.715595325,0.934797883,11.83829269,0.981981867,16.68754218,1.005710924,-8.124877835,0.943486832,12.52798237,0.989438582,19.52640048,1
24.17272392,1,3.941545009,0.989621913,0,1,7.169755749,0.979337597,16.61837788,1.007695113,16.13154972,1.012947089,7.058678268,0.992335248,18.37243797,1.008051925,18.95011171,1
24.86631461,1,4.370470018,0.991310113,0,1,7.889881762,0.986054093,17.36669898,1.014496851,16.88612576,1.015416774,7.811919958,0.994552309,19.08782119,1.011840635,19.69782696,1
18.18368914,1,-2.534305054,0.973850078,0,1,-1.619604081,0.93706209,11.4547777,0.982200671,16.3042747,1.005786291,-7.337624086,0.94814826,12.27759799,0.990055386,19.1429201,1
2.183556262,1,-5.182751812,0.989742295,0,1,-8.677608196,0.962374063,-8.236358721,0.983034098,-8.967312292,0.999718759,-9.746557338,0.977129282,-3.688938146,0.995699508,-8.967312292,1
24.79294186,1,4.263106524,0.98907325,0,1,7.606884607,0.978164009,17.33457529,1.012235497,16.84854901,1.014675804,7.769775982,0.994272045,19.00137435,1.00956423,19.66230512,1
19.32497872,1,-2.528608932,0.971677944,0,1,-1.348657025,0.93314916,12.92811838,0.98192749,17.77729237,1.005694031,-7.592263423,0.94459838,13.4119786,0.988902672,20.6161984,1
24.35218556,1,4.032079635,0.992417019,0,1,7.292852176,0.985964527,16.85855999,1.008989605,16.3307986,1.013986505,7.190767132,0.996037058,18.56122358,1.009669435,19.14646901,1
1.694908478,1,-5.325159422,0.989621621,0,1,-9.103739738,0.961691507,-8.756951049,0.982626814,-9.32498976,0.999611852,-9.822383863,0.97764129,-4.179296945,0.995410502,-9.32498976,1
0.916994871,1,-5.68240347,0.988870059,0,1,-9.759048784,0.960570301,-9.595906429,0.981968239,-10.09378316,0.999139079,-10.45437856,0.976324452,-4.960028717,0.994934854,-10.09378316,1
-20.78126521,1,-15.224504,0.896515621,0,1,-29.71847252,0.808094484,-32.94697296,0.909665168,-28.16951716,0.956881703,-27.66953246,0.855094965,-27.00281997,0.940037387,-25.18566535,1
17.31307431,1,-3.075608904,0.972656655,0,1,-2.615856688,0.935186429,10.62357784,0.98193424,15.47349832,1.005687756,-8.308075,0.944808791,11.40415078,0.989582495,18.31242208,1
19.52968548,1,-2.390632347,0.971911366,0,1,-1.005544445,0.933995339,13.08189079,0.982017898,17.93085408,1.005727617,-7.441824252,0.944901717,13.61813883,0.989144949,20.76966523,1
17.67833404,1,-2.9556527,0.972480306,0,1,-2.183197788,0.935678643,10.96429142,0.981988591,15.81386816,1.005709737,-8.321276343,0.943958068,11.77020511,0.989715115,18.65272982,1
1.574398589,1,-5.475309148,0.989040785,0,1,-9.387136293,0.960680215,-8.807588406,0.982730614,-9.453764351,0.999509771,-10.08005368,0.976693635,-4.30039936,0.995310458,-9.453764351,1
24.40406311,1,4.15588286,0.98810241,0,1,7.802716784,0.979042357,16.67276441,1.006752931,16.22116428,1.011986978,7.204645759,0.988487524,18.60192694,1.007731569,19.04240251,1
24.78741289,1,4.199263548,0.98844574,0,1,7.616303277,0.978475743,17.30705431,1.008959011,16.75067146,1.013070886,7.550317502,0.990991221,18.98885585,1.00835146,19.56888875,1
-24.61995501,1,-16.69702346,0.879356904,0,1,-33.12334346,0.790314109,-37.13776131,0.895374525,-31.94375897,0.947310335,-30.54200295,0.82808789,-30.90047913,0.931246032,-28.92973142,1
1.851625848,1,-5.142582112,0.990295034,0,1,-8.752718486,0.962895183,-8.683888986,0.98249694,-9.163977922,0.999723456,-9.516610549,0.978721505,-4.02190494,0.995524434,-9.163977922,1
19.73946086,1,-2.476695321,0.970966563,0,1,-0.993604812,0.932796386,13.36451567,0.981892991,18.21337407,1.005684309,-7.775888954,0.942688938,13.82585511,0.988801754,21.05230757,1
18.45728433,1,-2.788958476,0.971920253,0,1,-1.823411359,0.934257828,11.90658861,0.98194677,16.7559329,1.005698048,-8.07210972,0.943776555,12.54653269,0.989277519,19.59482758,1
18.29346066,1,-2.622821439,0.973178059,0,1,-1.706126847,0.935979385,11.6384969,0.982111645,16.48794512,1.005755413,-7.575246883,0.94672049,12.38557066,0.989755001,19.32667775,1
17.64519276,1,-3.119587509,0.97176883,0,1,-2.591685323,0.93369597,11.07260594,0.98182476,15.92241551,1.005650446,-8.496622403,0.943158732,11.7337064,0.989155,18.76144468,1
19.61137589,1,-2.507442557,0.971132626,0,1,-1.145641088,0.932704381,13.24559889,0.981885738,18.09458594,1.00568081,-7.728508742,0.943250849,13.69759181,0.988772043,20.93352932,1
18.26680983,1,-2.517954864,0.973728596,0,1,-1.509251002,0.937172014,11.52735461,0.982206487,16.37675201,1.005789095,-7.394693536,0.947664862,12.36091115,0.990087537,19.21538949,1
1.890068371,1,-5.124930815,0.990357376,0,1,-8.659546351,0.963204382,-8.669059318,0.982466354,-9.167354642,0.999692408,-9.550084397,0.978551166,-3.983291932,0.99555323,-9.167354642,1
19.42609248,1,-2.491037965,0.971570962,0,1,-1.145201913,0.933583631,12.99025735,0.981961453,17.83924378,1.005707274,-7.670293351,0.943917153,13.51389821,0.989036984,20.6781124,1
2.092100982,1,-5.217460292,0.989671828,0,1,-8.798669227,0.962069319,-8.31575269,0.983002975,-9.017487483,0.999720958,-9.746752097,0.97726568,-3.780739318,0.99564107,-9.017487483,1
-19.28877377,1,-14.69548778,0.898360935,0,1,-28.8129103,0.816598136,-31.16924038,0.913390384,-26.61933837,0.956903253,-26.44748765,0.847728615,-25.48980694,0.943136114,-23.63555381,1
-22.20100972,1,-15.64491822,0.895414498,0,1,-31.18552179,0.812661349,-34.35060175,0.908957132,-29.12391464,0.955556002,-27.76819855,0.851462154,-28.41910529,0.940558283,-26.13591939,1
-18.91101405,1,-14.6557082,0.90900344,0,1,-28.18509204,0.834041395,-30.88084152,0.912355466,-26.40864864,0.960032098,-26.54136954,0.866567063,-25.09552003,0.945646671,-23.43459731,1
-20.34458009,1,-15.05714716,0.903587954,0,1,-28.86295294,0.822457734,-32.65458197,0.910532592,-27.93597498,0.958610291,-27.60456768,0.862969929,-26.5485368,0.94269341,-24.95750857,1
24.31832269,1,4.116913782,0.992883492,0,1,7.501947461,0.987815115,16.75546404,1.013919283,16.29659092,1.015558809,7.265187339,0.996303909,18.54049671,1.011957125,19.10789856,1
25.08678766,1,4.463638289,0.988568188,0,1,8.240940588,0.98186884,17.47803602,1.007887667,16.96728241,1.012522255,7.846753059,0.989657581,19.28964823,1.008597197,19.78702797,1
25.05951338,1,4.341895635,0.988495285,0,1,8.095896463,0.9798021,17.49449697,1.00843403,16.871598,1.0128178,7.555363592,0.990596103,19.26139478,1.008427449,19.69052008,1
1.249143747,1,-5.475137129,0.989397425,0,1,-9.505248501,0.960965,-9.226467469,0.982256319,-9.671126668,0.999469748,-9.953156965,0.977819446,-4.626712046,0.995131898,-9.671126668,1
18.28662929,1,-2.797859656,0.972254116,0,1,-1.938253367,0.934539191,11.71486233,0.9819689,16.56432819,1.005704839,-7.983135249,0.944611961,12.37636248,0.989358383,19.40320369,1
0.752753569,1,-5.755787876,0.988744313,0,1,-9.82902785,0.960623684,-9.80292854,0.981756691,-10.29974597,0.998979664,-10.65296837,0.975801943,-5.124828966,0.99484057,-10.29974597,1
1.565068197,1,-5.380265002,0.989622627,0,1,-8.982202618,0.962495235,-8.997911704,0.982280054,-9.603739091,0.999335119,-10.15646044,0.976595278,-4.309446649,0.995358255,-9.603739091,1
1.676623129,1,-5.289041685,0.989856019,0,1,-8.961307951,0.962366463,-8.845670113,0.982438707,-9.387743597,0.999548626,-9.839241206,0.977679972,-4.197535471,0.995418408,-9.387743597,1
-19.77166289,1,-14.65988078,0.894262221,0,1,-28.72560118,0.804526303,-32.00095545,0.903706363,-27.19410553,0.953328342,-26.60380177,0.845450899,-26.01280894,0.937098185,-24.19912182,1
-21.29958441,1,-15.42000422,0.893373321,0,1,-29.9157763,0.811325251,-33.58881772,0.909778593,-28.84637356,0.954557727,-28.29226806,0.841739729,-27.51789047,0.94052657,-25.85525063,1
